url,Interne links
https://www.treasurejuwelier.nl/horloges,301726
https://www.treasurejuwelier.nl/armbanden,210905
https://www.treasurejuwelier.nl/ringen,176193
https://www.treasurejuwelier.nl/geboortesteen,75661
https://www.treasurejuwelier.nl/horloges/blauw-horloge,70699
https://www.treasurejuwelier.nl/armbanden/hartje,69327
https://www.treasurejuwelier.nl/tricolor-goud,66469
https://www.treasurejuwelier.nl/horloges/seiko-presage_seiko,63821
https://www.treasurejuwelier.nl/horloges/seiko-5-sports_seiko,62733
https://www.treasurejuwelier.nl/horloges/seiko-astron_seiko,62309
https://www.treasurejuwelier.nl/horloges/seiko-prospex_seiko,62198
https://www.treasurejuwelier.nl/the-house-of-jewels_treasure-collection,62124
https://www.treasurejuwelier.nl/horloges/garmin-fenix_garmin,60654
https://www.treasurejuwelier.nl/armbanden/the-house-of-jewels_treasure-collection,60639
https://www.treasurejuwelier.nl/witgoud,42301
https://www.treasurejuwelier.nl/armbanden/witgoud,42101
https://www.treasurejuwelier.nl/rosegoud,42019
https://www.treasurejuwelier.nl/ringen/the-house-of-jewels_treasure-collection,41677
https://www.treasurejuwelier.nl/armbanden/bicolor-goud,40001
https://www.treasurejuwelier.nl/armbanden/geelgoud,40000
https://www.treasurejuwelier.nl/armbanden/zilver-verguld,40000
https://www.treasurejuwelier.nl/horloges/ice-watch,40000
https://www.treasurejuwelier.nl/armbanden/armband-met-gekleurde-stenen,39996
https://www.treasurejuwelier.nl/armbanden/diamant,39996
https://www.treasurejuwelier.nl/armbanden/parel,39993
https://www.treasurejuwelier.nl/ringen/kinderen,39926
https://www.treasurejuwelier.nl/ringen/aanschuifring,39910
https://www.treasurejuwelier.nl/ringen/heren,39786
https://www.treasurejuwelier.nl/armbanden/geboortesteen,39734
https://www.treasurejuwelier.nl/ringen/dames,39725
https://www.treasurejuwelier.nl/ringen/swarovski?is_new=1&on_sale=1,39311
https://www.treasurejuwelier.nl/,38671
https://www.treasurejuwelier.nl/horloges/jacques-du-manoir,38336
https://www.treasurejuwelier.nl/horloges/garonne,38322
https://www.treasurejuwelier.nl/swarovski,38310
https://www.treasurejuwelier.nl/garonne-kv20q419-sporty-kids-horloge,38304
https://www.treasurejuwelier.nl/treasure-collection,38297
https://www.treasurejuwelier.nl/horloges/ja,38293
https://www.treasurejuwelier.nl/armbanden/baby,38290
https://www.treasurejuwelier.nl/goud_kinderen,38282
https://www.treasurejuwelier.nl/hangers/hanger-met-graveerplaat_ja,38278
https://www.treasurejuwelier.nl/saffier,38274
https://www.treasurejuwelier.nl/horloges/digitaal,38272
https://www.treasurejuwelier.nl/horloges/tommy-hilfiger,38269
https://www.treasurejuwelier.nl/horloges/g-shock,38268
https://www.treasurejuwelier.nl/agaat,38267
https://www.treasurejuwelier.nl/zilver-verguld,38258
https://www.treasurejuwelier.nl/goud,38256
https://www.treasurejuwelier.nl/amethist,38244
https://www.treasurejuwelier.nl/horloges/danish-design,38244
https://www.treasurejuwelier.nl/armbanden/heren,38241
https://www.treasurejuwelier.nl/14-karaat-goud,38237
https://www.treasurejuwelier.nl/horloges/lorus,38237
https://www.treasurejuwelier.nl/horloges/analoog-digitaal,38236
https://www.treasurejuwelier.nl/jacques-du-manoir-jwl01206-inspiration-horloge-31-mm,38231
https://www.treasurejuwelier.nl/silk-jewellery,38227
https://www.treasurejuwelier.nl/zilver_kinderen,38227
https://www.treasurejuwelier.nl/armbanden/kinderen,38225
https://www.treasurejuwelier.nl/robijn,38224
https://www.treasurejuwelier.nl/jackie,38222
https://www.treasurejuwelier.nl/gedenksieraden,38219
https://www.treasurejuwelier.nl/horloges/boss,38218
https://www.treasurejuwelier.nl/zilver_heren,38215
https://www.treasurejuwelier.nl/horloges/smartwatch,38214
https://www.treasurejuwelier.nl/armbanden/goud,38208
https://www.treasurejuwelier.nl/armbanden/tennisarmband,38201
https://www.treasurejuwelier.nl/armbanden/ja,38200
https://www.treasurejuwelier.nl/armbanden/goudkleurig,38199
https://www.treasurejuwelier.nl/hangers/ja,38199
https://www.treasurejuwelier.nl/aurore-jewelry,38195
https://www.treasurejuwelier.nl/horloges/ja?on_sale=1,38190
https://www.treasurejuwelier.nl/horloges/analoog-digitaal?is_new=1,38182
https://www.treasurejuwelier.nl/geelgoud,38181
https://www.treasurejuwelier.nl/breuning,38173
https://www.treasurejuwelier.nl/kettingen,38167
https://www.treasurejuwelier.nl/armbanden/ja_slavenarmband,38164
https://www.treasurejuwelier.nl/coeur-de-lion,38161
https://www.treasurejuwelier.nl/armbanden/schakelarmband,38160
https://www.treasurejuwelier.nl/ringen/excellent-jewelry,38160
https://www.treasurejuwelier.nl/horloges/analoog,38156
https://www.treasurejuwelier.nl/armbanden/bruin,38155
https://www.treasurejuwelier.nl/armbanden/slavenarmband,38137
https://www.treasurejuwelier.nl/armbanden/armband-met-steentjes,38135
https://www.treasurejuwelier.nl/boss-jewelry,38133
https://www.treasurejuwelier.nl/smaragd,38129
https://www.treasurejuwelier.nl/rebel-rose,38118
https://www.treasurejuwelier.nl/swing-jewels,38116
https://www.treasurejuwelier.nl/boccia,38112
https://www.treasurejuwelier.nl/18-karaat-goud,38104
https://www.treasurejuwelier.nl/accessoires/manchetknopen,38079
https://www.treasurejuwelier.nl/armbanden?am_on_sale=1,38075
https://www.treasurejuwelier.nl/armbanden/naamplaat-armband,38063
https://www.treasurejuwelier.nl/horloges/dames?on_sale=1,38061
https://www.treasurejuwelier.nl/titanium,38044
https://www.treasurejuwelier.nl/gedenksieraden/moedermelk,38043
https://www.treasurejuwelier.nl/parel,38036
https://www.treasurejuwelier.nl/klaver,38024
https://www.treasurejuwelier.nl/zinzi,38021
https://www.treasurejuwelier.nl/geboortebloem,38013
https://www.treasurejuwelier.nl/armbanden/klaver,38005
https://www.treasurejuwelier.nl/horloges/garmin,37994
https://www.treasurejuwelier.nl/retouren-en-klachten,37975
https://www.treasurejuwelier.nl/graveren,37952
https://www.treasurejuwelier.nl/accessoires,37939
https://www.treasurejuwelier.nl/goud_dames,37894
https://www.treasurejuwelier.nl/horloges/kinetic,37894
https://www.treasurejuwelier.nl/horloges/elektrisch,37888
https://www.treasurejuwelier.nl/diamant,37882
https://www.treasurejuwelier.nl/armbanden/naamplaat-armband_ja,37881
https://www.treasurejuwelier.nl/armbanden/satijn,37877
https://www.treasurejuwelier.nl/ringen/ja,37873
https://www.treasurejuwelier.nl/accessoires/reinigingsproducten,37869
https://www.treasurejuwelier.nl/horloges/smartwatch?is_new=1&on_sale=1,37869
https://www.treasurejuwelier.nl/horloges/kinderen,37867
https://www.treasurejuwelier.nl/zilver_dames,37866
https://www.treasurejuwelier.nl/accessoires/dasklem,37864
https://www.treasurejuwelier.nl/horloges/quartz,37862
https://www.treasurejuwelier.nl/horloges/automaat,37859
https://www.treasurejuwelier.nl/ringen/ja_zegelring,37858
https://www.treasurejuwelier.nl/danish-design-iv15q1107-rhone-medium-dameshorloge-30-mm,37855
https://www.treasurejuwelier.nl/bonussysteem,37850
https://www.treasurejuwelier.nl/horloges/chronograaf,37847
https://www.treasurejuwelier.nl/topaas,37847
https://www.treasurejuwelier.nl/horloges/seiko,37846
https://www.treasurejuwelier.nl/armbanden/zilverkleurig,37843
https://www.treasurejuwelier.nl/ringen?am_on_sale=1&on_sale=1,37842
https://www.treasurejuwelier.nl/zilver,37839
https://www.treasurejuwelier.nl/armbanden/rose-goudkleurig,37836
https://www.treasurejuwelier.nl/kettingen/ja,37835
https://www.treasurejuwelier.nl/horloges/dames,37834
https://www.treasurejuwelier.nl/excellent-jewelry,37833
https://www.treasurejuwelier.nl/horloges/solar,37832
https://www.treasurejuwelier.nl/goud_heren,37831
https://www.treasurejuwelier.nl/accessoires/neusknopje,37827
https://www.treasurejuwelier.nl/citrien,37827
https://www.treasurejuwelier.nl/armbanden/zilver,37825
https://www.treasurejuwelier.nl/edelsteen,37824
https://www.treasurejuwelier.nl/horloges/heren,37823
https://www.treasurejuwelier.nl/armbanden/leer,37819
https://www.treasurejuwelier.nl/accessoires/enkelbandje,37814
https://www.treasurejuwelier.nl/horloges/zinzi-watches,37814
https://www.treasurejuwelier.nl/diamant-lab-grown,37801
https://www.treasurejuwelier.nl/armbanden/dames,37798
https://www.treasurejuwelier.nl/sif-jakobs-jewellery,37796
https://www.treasurejuwelier.nl/horloges?am_on_sale=1,37788
https://www.treasurejuwelier.nl/zirkonia,37784
https://www.treasurejuwelier.nl/verzendmethode-kiezen,37778
https://www.treasurejuwelier.nl/armbanden/14-karaat-goud-met-zilveren-kern,37771
https://www.treasurejuwelier.nl/armbanden/edelstaal,37681
https://www.treasurejuwelier.nl/armbanden/goud?is_new=1,37556
https://www.treasurejuwelier.nl/armbanden/blauw,30759
https://www.treasurejuwelier.nl/armbanden/bi-color,26301
https://www.treasurejuwelier.nl/horloges/smarty-2-0,22487
https://www.treasurejuwelier.nl/pesavento,22054
https://www.treasurejuwelier.nl/sanjoya,22039
https://www.treasurejuwelier.nl/fjf-jewellery,22036
https://www.treasurejuwelier.nl/gisser-jewels,21801
https://www.treasurejuwelier.nl/culet,21678
https://www.treasurejuwelier.nl/armbanden/letter,20409
https://www.treasurejuwelier.nl/horloges/daniel-wellington,20055
https://www.treasurejuwelier.nl/ringen/geboortesteen,16033
https://www.treasurejuwelier.nl/ringen/relatiering,11238
https://www.treasurejuwelier.nl/ringen/diamant,11186
https://www.treasurejuwelier.nl/ringen/edelsteen,1779
https://www.treasurejuwelier.nl/ringen/diamant-lab-grown,1163
https://www.treasurejuwelier.nl/ringen/parel,1108
https://www.treasurejuwelier.nl/ringen/zirkonia,1100
https://www.treasurejuwelier.nl/ringen/ring-zonder-steen,1079
https://www.treasurejuwelier.nl/ringen/verlovingsring,902
https://www.treasurejuwelier.nl/contactpagina,877
https://www.treasurejuwelier.nl/trouwringen,828
https://www.treasurejuwelier.nl/ringen/zegelring,700
https://www.treasurejuwelier.nl/ringen/bicolor-goud,577
https://www.treasurejuwelier.nl/ringen/geelgoud?is_new=1,335
https://www.treasurejuwelier.nl/ringen/tricolor-goud,142
https://www.treasurejuwelier.nl/hangers/titanium,141
https://www.treasurejuwelier.nl/algemene-voorwaarden,140
https://www.treasurejuwelier.nl/gedenksieraden/asarmband,140
https://www.treasurejuwelier.nl/gedenksieraden/heren,140
https://www.treasurejuwelier.nl/gedenksieraden/huisdieren,140
https://www.treasurejuwelier.nl/gedenksieraden/manchetknopen-met-as-en-hars,140
https://www.treasurejuwelier.nl/hangers/dames,140
https://www.treasurejuwelier.nl/hangers/edelstaal,140
https://www.treasurejuwelier.nl/hangers/hanger-met-graveerplaat,140
https://www.treasurejuwelier.nl/hangers/jackie?is_new=1&on_sale=1,140
https://www.treasurejuwelier.nl/hangers/treasure-collection?on_sale=1,140
https://www.treasurejuwelier.nl/historie-treasure-juwelier,140
https://www.treasurejuwelier.nl/kettingen/edelstaal,140
https://www.treasurejuwelier.nl/kettingen/geboortesteen,140
https://www.treasurejuwelier.nl/kettingen/geelgoud,140
https://www.treasurejuwelier.nl/kettingen/the-house-of-jewels_treasure-collection,140
https://www.treasurejuwelier.nl/keurtekens,140
https://www.treasurejuwelier.nl/klantreviews,140
https://www.treasurejuwelier.nl/online-sieraden-en-horloges-shoppen,140
https://www.treasurejuwelier.nl/oorbellen/dames,140
https://www.treasurejuwelier.nl/oorbellen/geboortesteen,140
https://www.treasurejuwelier.nl/oorbellen/oorbedels,140
https://www.treasurejuwelier.nl/oorbellen?am_on_sale=1,140
https://www.treasurejuwelier.nl/oud-goud-inwisselen,140
https://www.treasurejuwelier.nl/reparatie-horloge-en-sieraden,140
https://www.treasurejuwelier.nl/ringen/edelstaal,140
https://www.treasurejuwelier.nl/ringen/rosegoud,140
https://www.treasurejuwelier.nl/veel-gestelde-vragen-over-horloges-en-sieraden,140
https://www.treasurejuwelier.nl/verpakking,140
https://www.treasurejuwelier.nl/batterij-vervangen-hilversum,139
https://www.treasurejuwelier.nl/gedenksieraden/asoorbellen,139
https://www.treasurejuwelier.nl/gedenksieraden/asring,139
https://www.treasurejuwelier.nl/gedenksieraden/geelgoud?on_sale=1,139
https://www.treasurejuwelier.nl/gedenksieraden/met-vingerafdruk,139
https://www.treasurejuwelier.nl/gedenksieraden/mini-urn,139
https://www.treasurejuwelier.nl/gedenksieraden/urnhanger,139
https://www.treasurejuwelier.nl/gedenksieraden/witgoud,139
https://www.treasurejuwelier.nl/gedenksieraden/zilver,139
https://www.treasurejuwelier.nl/hangers/bedel,139
https://www.treasurejuwelier.nl/hangers/geboortebloem,139
https://www.treasurejuwelier.nl/hangers/zirkonia,139
https://www.treasurejuwelier.nl/kettingen/14-karaat-goud-met-zilveren-kern,139
https://www.treasurejuwelier.nl/kettingen/collier-met-kleursteen,139
https://www.treasurejuwelier.nl/kettingen/dames,139
https://www.treasurejuwelier.nl/kettingen/schakelketting,139
https://www.treasurejuwelier.nl/kettingen/witgoud,139
https://www.treasurejuwelier.nl/kettingen?am_on_sale=1,139
https://www.treasurejuwelier.nl/oorbellen/edelstaal,139
https://www.treasurejuwelier.nl/oorbellen/titanium,139
https://www.treasurejuwelier.nl/ringen/goud,139
https://www.treasurejuwelier.nl/ringen/zilver,139
https://www.treasurejuwelier.nl/garantie,138
https://www.treasurejuwelier.nl/gedenksieraden/ashanger,138
https://www.treasurejuwelier.nl/gedenksieraden/dames,138
https://www.treasurejuwelier.nl/gedenksieraden/ketting-met-ashanger,138
https://www.treasurejuwelier.nl/hangers,138
https://www.treasurejuwelier.nl/hangers/diamant,138
https://www.treasurejuwelier.nl/hangers/geboortesteen,138
https://www.treasurejuwelier.nl/hangers/goud,138
https://www.treasurejuwelier.nl/hangers/hanger,138
https://www.treasurejuwelier.nl/hangers/hanger-met-hart,138
https://www.treasurejuwelier.nl/hangers/kinderen,138
https://www.treasurejuwelier.nl/hangers/medaillon,138
https://www.treasurejuwelier.nl/horloges/garmin-epix_garmin,138
https://www.treasurejuwelier.nl/kettingen/collier,138
https://www.treasurejuwelier.nl/kettingen/goud,138
https://www.treasurejuwelier.nl/kettingen/hartje,138
https://www.treasurejuwelier.nl/kettingen/ketting-met-hanger,138
https://www.treasurejuwelier.nl/kettingen/zilver,138
https://www.treasurejuwelier.nl/kettingen/zilver-verguld,138
https://www.treasurejuwelier.nl/kettingen/zirkonia,138
https://www.treasurejuwelier.nl/kortingscode,138
https://www.treasurejuwelier.nl/nieuwsbrief-aanmelden,138
https://www.treasurejuwelier.nl/online-bestelproces,138
https://www.treasurejuwelier.nl/oorbellen,138
https://www.treasurejuwelier.nl/oorbellen/diamant,138
https://www.treasurejuwelier.nl/oorbellen/kinderen,138
https://www.treasurejuwelier.nl/oorbellen/klapcreolen,138
https://www.treasurejuwelier.nl/oorbellen/oorknopjes,138
https://www.treasurejuwelier.nl/oorbellen/zonder-steentjes,138
https://www.treasurejuwelier.nl/privacy-en-cookiebeleid,138
https://www.treasurejuwelier.nl/ringen/witgoud,138
https://www.treasurejuwelier.nl/shop-the-look,138
https://www.treasurejuwelier.nl/vacatures,138
https://www.treasurejuwelier.nl/betaalmethode-kiezen,137
https://www.treasurejuwelier.nl/hangers/hanger-met-kruis,137
https://www.treasurejuwelier.nl/hangers/heren,137
https://www.treasurejuwelier.nl/hangers/parel,137
https://www.treasurejuwelier.nl/hangers/zilver,137
https://www.treasurejuwelier.nl/kettingen/basisketting-voor-hanger,137
https://www.treasurejuwelier.nl/kettingen/diamant,137
https://www.treasurejuwelier.nl/kettingen/heren,137
https://www.treasurejuwelier.nl/kettingen/kinderen,137
https://www.treasurejuwelier.nl/moedermelk-instructies,137
https://www.treasurejuwelier.nl/oorbellen/goud,137
https://www.treasurejuwelier.nl/oorbellen/parel,137
https://www.treasurejuwelier.nl/oorbellen/witgoud,137
https://www.treasurejuwelier.nl/oorbellen/zilver,137
https://www.treasurejuwelier.nl/winkel-en-openingstijden,137
https://www.treasurejuwelier.nl/oorbellen/oorring-met-hanger,136
https://www.treasurejuwelier.nl/armbanden/rosegoud,135
https://www.treasurejuwelier.nl/ringen/blauwe-steen,135
https://www.treasurejuwelier.nl/ringen/groene-steen,135
https://www.treasurejuwelier.nl/hangers/geelgoud,134
https://www.treasurejuwelier.nl/hangers/witgoud,134
https://www.treasurejuwelier.nl/kettingen/tommy-hilfiger-jewels,134
https://www.treasurejuwelier.nl/oorbellen/diamant-lab-grown,134
https://www.treasurejuwelier.nl/oorbellen/oorringen,134
https://www.treasurejuwelier.nl/ringen/roze-steen,134
https://www.treasurejuwelier.nl/gaatjes-schieten,133
https://www.treasurejuwelier.nl/hangers/bicolor-goud,133
https://www.treasurejuwelier.nl/hangers/blauwe-steen,133
https://www.treasurejuwelier.nl/hangers/groene-steen,133
https://www.treasurejuwelier.nl/hangers/rode-steen,133
https://www.treasurejuwelier.nl/kettingen/bicolor-goud,133
https://www.treasurejuwelier.nl/kettingen/blauwe-steen,133
https://www.treasurejuwelier.nl/kettingen/groene-steen,133
https://www.treasurejuwelier.nl/kettingen/rosegoud,133
https://www.treasurejuwelier.nl/kettingen/roze-steen,133
https://www.treasurejuwelier.nl/maat-bepalen,133
https://www.treasurejuwelier.nl/oorbellen/bicolor-goud,133
https://www.treasurejuwelier.nl/oorbellen/blauwe-steen,133
https://www.treasurejuwelier.nl/oorbellen/geelgoud,133
https://www.treasurejuwelier.nl/oorbellen/groene-steen,133
https://www.treasurejuwelier.nl/oorbellen/rosegoud,133
https://www.treasurejuwelier.nl/ringen/witte-steen,133
https://www.treasurejuwelier.nl/ringen/blauw,12
https://www.treasurejuwelier.nl/armbanden/14-karaat-goud,10
https://www.treasurejuwelier.nl/armbanden/18-karaat-goud,10
https://www.treasurejuwelier.nl/ringen/rose-goudkleurig,10
https://www.treasurejuwelier.nl/ringen/roze,10
https://www.treasurejuwelier.nl/armbanden/titanium,8
https://www.treasurejuwelier.nl/kettingen/14-karaat-goud,8
https://www.treasurejuwelier.nl/oorbellen/14-karaat-goud,8
https://www.treasurejuwelier.nl/ringen/14-karaat-goud,8
https://www.treasurejuwelier.nl/ringen/18-karaat-goud,8
https://www.treasurejuwelier.nl/ringen/wit,8
https://www.treasurejuwelier.nl/hangers/14-karaat-goud,7
https://www.treasurejuwelier.nl/kettingen/18-karaat-goud,7
https://www.treasurejuwelier.nl/oorbellen/18-karaat-goud,7
https://www.treasurejuwelier.nl/ringen/solitair-ring,7
https://www.treasurejuwelier.nl/armbanden/14-karaat-goud_heren,6
https://www.treasurejuwelier.nl/armbanden/zilver_dames,6
https://www.treasurejuwelier.nl/hangers/bi-color,6
https://www.treasurejuwelier.nl/hangers/blauw,6
https://www.treasurejuwelier.nl/hangers/bruin,6
https://www.treasurejuwelier.nl/hangers/wit,6
https://www.treasurejuwelier.nl/kettingen/bruin,6
https://www.treasurejuwelier.nl/kettingen/goudkleurig,6
https://www.treasurejuwelier.nl/kettingen/ketting-met-graveerplaatje,6
https://www.treasurejuwelier.nl/kettingen/rose-goudkleurig,6
https://www.treasurejuwelier.nl/kettingen/wit,6
https://www.treasurejuwelier.nl/oorbellen/bi-color,6
https://www.treasurejuwelier.nl/oorbellen/blauw,6
https://www.treasurejuwelier.nl/oorbellen/bruin,6
https://www.treasurejuwelier.nl/oorbellen/goudkleurig,6
https://www.treasurejuwelier.nl/oorbellen/groen,6
https://www.treasurejuwelier.nl/oorbellen/rose-goudkleurig,6
https://www.treasurejuwelier.nl/ringen/ring-met-steen,6
https://www.treasurejuwelier.nl/ringen/schakelring,6
https://www.treasurejuwelier.nl/tommy-hilfiger-th1710551,6
https://www.treasurejuwelier.nl/884982-14k-gouden-hanger-hartje-diamant,5
https://www.treasurejuwelier.nl/885009-14k-gouden-hanger-hartje-diamant,5
https://www.treasurejuwelier.nl/armbanden/9-karaat,5
https://www.treasurejuwelier.nl/armbanden/bedel-armband,5
https://www.treasurejuwelier.nl/armbanden/fantasie-armband,5
https://www.treasurejuwelier.nl/armbanden/goud_heren,5
https://www.treasurejuwelier.nl/armbanden/goud_naamplaat-armband,5
https://www.treasurejuwelier.nl/armbanden/goud_schakelarmband,5
https://www.treasurejuwelier.nl/armbanden/zilver_heren,5
https://www.treasurejuwelier.nl/hangers/rose-goudkleurig,5
https://www.treasurejuwelier.nl/kettingen/bi-color,5
https://www.treasurejuwelier.nl/kettingen/blauw,5
https://www.treasurejuwelier.nl/kettingen/parel,5
https://www.treasurejuwelier.nl/kettingen/titanium,5
https://www.treasurejuwelier.nl/oorbellen/wit,5
https://www.treasurejuwelier.nl/rebel-rose-rr-rg051-s-square-tiger-ring,5
https://www.treasurejuwelier.nl/ringen/titanium,5
https://www.treasurejuwelier.nl/ringsizer,5
https://www.treasurejuwelier.nl/armbanden/goud_slavenarmband,4
https://www.treasurejuwelier.nl/armbanden/leer_heren,4
https://www.treasurejuwelier.nl/armbanden/zilver_baby,4
https://www.treasurejuwelier.nl/excellent-jewelry-am108016-14k-armband,4
https://www.treasurejuwelier.nl/garmin-010-02903-21-fenix-8-amoled-sapphire-titanium,4
https://www.treasurejuwelier.nl/garmin-010-02904-11-fenix-8-amoled-sapphire-titanium,4
https://www.treasurejuwelier.nl/garmin-010-02904-21-fenix-8-amoled-sapphire-titanium,4
https://www.treasurejuwelier.nl/garmin-010-02904-40-fenix-8-amoled-sapphire-titanium,4
https://www.treasurejuwelier.nl/garmin-010-02905-21-fenix-8-amoled-sapphire-titanium,4
https://www.treasurejuwelier.nl/garmin-010-02907-11-fenix-8-sapphire-solar-titanium,4
https://www.treasurejuwelier.nl/gedenksieraden/diamant,4
https://www.treasurejuwelier.nl/hangers/hanger-met-kruis_goud,4
https://www.treasurejuwelier.nl/kettingen/9-karaat,4
https://www.treasurejuwelier.nl/kettingen/zilver_heren,4
https://www.treasurejuwelier.nl/oorbellen/14-karaat-goud-met-zilveren-kern,4
https://www.treasurejuwelier.nl/seiko-ssb449p1-chronograaf,4
https://www.treasurejuwelier.nl/tc-16020-zilveren-kruisje,4
https://www.treasurejuwelier.nl/tc-20128-zilveren-kruisje,4
https://www.treasurejuwelier.nl/thoj3828-14k-gouden-paperclip-schakelarmband,4
https://www.treasurejuwelier.nl/thoj3830-14k-gouden-paperclip-schakelarmband,4
https://www.treasurejuwelier.nl/883965-14k-gouden-graveerarmbandje-lieveheersbeestje,3
https://www.treasurejuwelier.nl/883966-18k-gouden-massieve-gourmet-armband,3
https://www.treasurejuwelier.nl/884491-zilveren-zegelring-massief-onyx,3
https://www.treasurejuwelier.nl/884961-14k-gouden-hanger-kruisje,3
https://www.treasurejuwelier.nl/885007-14k-gouden-hanger-diamant,3
https://www.treasurejuwelier.nl/885127-14k-gouden-schakelketting,3
https://www.treasurejuwelier.nl/885163-14k-witgouden-ketting-cirkel-diamant,3
https://www.treasurejuwelier.nl/885164-14k-witgouden-ketting-cirkels-diamant,3
https://www.treasurejuwelier.nl/885389-14k-gouden-venetiaanse-schakelarmband,3
https://www.treasurejuwelier.nl/armbanden/14-karaat-goud_baby,3
https://www.treasurejuwelier.nl/armbanden/14-karaat-goud_dames,3
https://www.treasurejuwelier.nl/armbanden/baby_naamplaat-armband,3
https://www.treasurejuwelier.nl/armbanden/goud_armband-met-gekleurde-stenen,3
https://www.treasurejuwelier.nl/armbanden/goud_closed-forever-schakel,3
https://www.treasurejuwelier.nl/armbanden/heren_ja,3
https://www.treasurejuwelier.nl/armbanden/heren_naamplaat-armband,3
https://www.treasurejuwelier.nl/armbanden/koningsschakel,3
https://www.treasurejuwelier.nl/armbanden/zilver_slavenarmband,3
https://www.treasurejuwelier.nl/boccia-titanium-08065-02-ketting-met-hanger-diamant,3
https://www.treasurejuwelier.nl/boss-hbj1580644-owan-stalen-armband,3
https://www.treasurejuwelier.nl/boss-hbj1580646-owan-zwart-stalen-armband,3
https://www.treasurejuwelier.nl/excellent-jewelry-rl837415-18k-witgouden-saffier-ring,3
https://www.treasurejuwelier.nl/excellent-jewelry-rl837416-18k-witgouden-saffier-ring,3
https://www.treasurejuwelier.nl/garmin-010-02839-02-lily-2-classic-cream-gold,3
https://www.treasurejuwelier.nl/garmin-010-02905-11-fenix-8-amoled-sapphire-titanium,3
https://www.treasurejuwelier.nl/hangers/hanger-met-hart_goud,3
https://www.treasurejuwelier.nl/hangers/hanger-met-steentjes,3
https://www.treasurejuwelier.nl/hangers/letterhanger,3
https://www.treasurejuwelier.nl/hangers/zonder-steentjes,3
https://www.treasurejuwelier.nl/horloges/dames_ja,3
https://www.treasurejuwelier.nl/horloges/seiko_seiko-limited-editions,3
https://www.treasurejuwelier.nl/kettingen/14-karaat-goud_heren,3
https://www.treasurejuwelier.nl/kettingen/goud_heren,3
https://www.treasurejuwelier.nl/oorbellen/doortrek-sluiting,3
https://www.treasurejuwelier.nl/oorbellen/edelsteen,3
https://www.treasurejuwelier.nl/oorbellen/goud_kinderen,3
https://www.treasurejuwelier.nl/oorbellen/oorbel-per-stuk,3
https://www.treasurejuwelier.nl/rg-001-y14-14k-gouden-ring-hartje-met-moedermelk,3
https://www.treasurejuwelier.nl/rg-018-14k-gouden-ring-met-moedermelk,3
https://www.treasurejuwelier.nl/rg-043-y14z-14k-gouden-ring-met-zirkonia-en-moedermelk,3
https://www.treasurejuwelier.nl/rg-046-y14-14k-gouden-ring-met-moedermelk,3
https://www.treasurejuwelier.nl/ringen/14-karaat-goud_heren,3
https://www.treasurejuwelier.nl/ringen/heren_ja,3
https://www.treasurejuwelier.nl/ringen/zilver-en-goud,3
https://www.treasurejuwelier.nl/see-you-rg-033-zilveren-ring-met-moedermelk,3
https://www.treasurejuwelier.nl/see-you-rws-001-14k-gouden-ring-met-moedermelk,3
https://www.treasurejuwelier.nl/seiko-5-sports-ssk033k1-automaat,3
https://www.treasurejuwelier.nl/tc-882049-14k-gouden-armbandje-met-naam-hart-1,3
https://www.treasurejuwelier.nl/thoj1448-14k-witgouden-slavenarmband-ovaal,3
https://www.treasurejuwelier.nl/thoj3130-18k-gouden-schakelarmband-diamant,3
https://www.treasurejuwelier.nl/14-karaat-goud-met-zilveren-kern,2
https://www.treasurejuwelier.nl/883883-14k-witgouden-armband-hartje,2
https://www.treasurejuwelier.nl/883902-14k-gouden-armband-rode-hartjes,2
https://www.treasurejuwelier.nl/883916-14k-gouden-armband-turquoise-bolletjes,2
https://www.treasurejuwelier.nl/883956-satijnkoord-armband-beige-14k-gouden-hart,2
https://www.treasurejuwelier.nl/884262-14k-gouden-kinderring-zirkonia,2
https://www.treasurejuwelier.nl/884506-14k-gouden-ring-zirkonia,2
https://www.treasurejuwelier.nl/884522-14k-gouden-ring-schakels,2
https://www.treasurejuwelier.nl/884849-14k-gouden-hanger-kruis-corpus,2
https://www.treasurejuwelier.nl/884891-14k-gouden-hanger-kruisje,2
https://www.treasurejuwelier.nl/884919-14k-gouden-hanger-kruisje,2
https://www.treasurejuwelier.nl/885005-14k-witgouden-hanger-saffier-diamant,2
https://www.treasurejuwelier.nl/885075-14k-gouden-gourmet-ketting-massief,2
https://www.treasurejuwelier.nl/885279-zilveren-slavenarmband-zirkonia,2
https://www.treasurejuwelier.nl/885733-14k-gouden-oorringen-lapide,2
https://www.treasurejuwelier.nl/885764-14k-gouden-oorhangers-parel,2
https://www.treasurejuwelier.nl/885786-14k-gouden-oorknopjes-parel,2
https://www.treasurejuwelier.nl/885981-14k-gouden-oorknopjes-hartje-geboortesteen-juli,2
https://www.treasurejuwelier.nl/armbanden/armband-met-gekleurde-stenen_zilver,2
https://www.treasurejuwelier.nl/armbanden/figaro-schakel,2
https://www.treasurejuwelier.nl/armbanden/goud_anker-schakel,2
https://www.treasurejuwelier.nl/armbanden/goud_bolletjes-schakel,2
https://www.treasurejuwelier.nl/armbanden/goud_figaro-schakel,2
https://www.treasurejuwelier.nl/armbanden/goud_gourmet-schakel,2
https://www.treasurejuwelier.nl/armbanden/goud_koord-schakel,2
https://www.treasurejuwelier.nl/armbanden/goud_paperclip-schakel,2
https://www.treasurejuwelier.nl/armbanden/goud_venetiaanse-schakel,2
https://www.treasurejuwelier.nl/armbanden/gourmet-schakel,2
https://www.treasurejuwelier.nl/armbanden/hartje_zilver?is_new=1,2
https://www.treasurejuwelier.nl/armbanden/infinity,2
https://www.treasurejuwelier.nl/armbanden/koord-schakel,2
https://www.treasurejuwelier.nl/armbanden/paperclip-schakel,2
https://www.treasurejuwelier.nl/armbanden/rood,2
https://www.treasurejuwelier.nl/armbanden/satijn_14-karaat-goud,2
https://www.treasurejuwelier.nl/armbanden/singapore-schakel,2
https://www.treasurejuwelier.nl/armbanden/tricolor-goud,2
https://www.treasurejuwelier.nl/armbanden/vossenstaart-schakel,2
https://www.treasurejuwelier.nl/armbanden/witgoud_slavenarmband,2
https://www.treasurejuwelier.nl/armbanden/zirkonia,2
https://www.treasurejuwelier.nl/bella-en-jess-18k-gouden-trouwringen,2
https://www.treasurejuwelier.nl/boss-hb1502779-graceful,2
https://www.treasurejuwelier.nl/evie-en-bowie-18k-gouden-trouwringen,2
https://www.treasurejuwelier.nl/excellent-jewelry-rh217195-14k-witgouden-ring,2
https://www.treasurejuwelier.nl/excellent-jewelry-rl837425-18k-gouden-saffier-ring,2
https://www.treasurejuwelier.nl/excellent-jewelry-rl837445-18k-gouden-ring-gekleurd-saffier,2
https://www.treasurejuwelier.nl/garmin-010-02776-11-fenix-7s-pro-sapphire-solar-edition-smartwatch,2
https://www.treasurejuwelier.nl/garmin-010-02777-30-fenix-7-pro-sapphire-solar-edition-smartwatch,2
https://www.treasurejuwelier.nl/garmin-010-02778-11-fenix-7x-pro-sapphire-solar-edition-smartwatch,2
https://www.treasurejuwelier.nl/garmin-010-02778-30-fenix-7x-pro-sapphire-solar-edition-titanium-smartwatch,2
https://www.treasurejuwelier.nl/garmin-010-02784-52-venu-3-met-leren-band,2
https://www.treasurejuwelier.nl/garmin-010-02785-55-venu-3s-soft-gold,2
https://www.treasurejuwelier.nl/garmin-010-02802-11-epix-pro-sapphire-edition-smartwatch,2
https://www.treasurejuwelier.nl/garmin-010-02839-03-lily-2-classic-dark-bronze,2
https://www.treasurejuwelier.nl/garmin-010-02903-11-fenix-8-amoled-sapphire,2
https://www.treasurejuwelier.nl/garmin-010-02903-40-fenix-8-amoled-sapphire,2
https://www.treasurejuwelier.nl/garmin-010-02905-40-fenix-8-amoled-sapphire-titanium,2
https://www.treasurejuwelier.nl/garmin-010-02906-11-fenix-8-sapphire-solar,2
https://www.treasurejuwelier.nl/garmin-010-02906-21-fenix-8-sapphire-solar-titanium,2
https://www.treasurejuwelier.nl/garmin-010-02931-01-tactix-7-amoled-edition-smartwatch,2
https://www.treasurejuwelier.nl/garmin-tactix-7-pro-ballistics-solar-smartwatch,2
https://www.treasurejuwelier.nl/garmin-tactix-7-pro-solar-smartwatch,2
https://www.treasurejuwelier.nl/hangers/goud_medaillon,2
https://www.treasurejuwelier.nl/hangers/hanger-met-graveerplaat_14-karaat-goud,2
https://www.treasurejuwelier.nl/hangers/hanger-met-kruis_14-karaat-goud,2
https://www.treasurejuwelier.nl/hangers/hanger-met-kruis_zilver,2
https://www.treasurejuwelier.nl/horloges/heren_ja,2
https://www.treasurejuwelier.nl/horloges/kinderen_ja,2
https://www.treasurejuwelier.nl/jacques-du-manoir-jwg02804-pro-scuba-horloge,2
https://www.treasurejuwelier.nl/jacques-du-manoir-jwl01803-inspiration-passion-horloge-34-mm,2
https://www.treasurejuwelier.nl/jacques-du-manoir-jwl01903-inspiration-elegance,2
https://www.treasurejuwelier.nl/kettingen/diamant-lab-grown,2
https://www.treasurejuwelier.nl/kettingen/jasseron-schakel,2
https://www.treasurejuwelier.nl/kettingen/ketting-met-kruisje,2
https://www.treasurejuwelier.nl/kettingen/paperclip-schakel,2
https://www.treasurejuwelier.nl/kettingen/schakelketting_figaro-schakel,2
https://www.treasurejuwelier.nl/kettingen/schakelketting_goud,2
https://www.treasurejuwelier.nl/kettingen/schakelketting_heren,2
https://www.treasurejuwelier.nl/kettingen/singapore-schakel,2
https://www.treasurejuwelier.nl/kettingen/slang-schakel,2
https://www.treasurejuwelier.nl/kettingen/vossenstaart-schakel,2
https://www.treasurejuwelier.nl/kettingen/zilver_koningsschakel,2
https://www.treasurejuwelier.nl/olivia-en-sam-18k-gouden-trouwringen,2
https://www.treasurejuwelier.nl/oorbellen/klapcreolen_witgoud,2
https://www.treasurejuwelier.nl/oorbellen/tricolor-goud,2
https://www.treasurejuwelier.nl/oorbellen/zilver_klapcreolen,2
https://www.treasurejuwelier.nl/ringen/aanschuifring_goud,2
https://www.treasurejuwelier.nl/ringen/aanschuifring_witgoud,2
https://www.treasurejuwelier.nl/ringen/goud_dames,2
https://www.treasurejuwelier.nl/ringen/goud_zirkonia,2
https://www.treasurejuwelier.nl/ringen/hartje?on_sale=1,2
https://www.treasurejuwelier.nl/ringen/witgoud_diamant,2
https://www.treasurejuwelier.nl/ringen/zilver_aanschuifring,2
https://www.treasurejuwelier.nl/seiko-prospex-ssc923p1-solar-chronograaf,2
https://www.treasurejuwelier.nl/seiko-sur636p1-bicolor,2
https://www.treasurejuwelier.nl/seiko-swr090p1-horloge,2
https://www.treasurejuwelier.nl/seiko-syma35k1-horloge,2
https://www.treasurejuwelier.nl/seiko-syma38k1-horloge,2
https://www.treasurejuwelier.nl/swarovski-matrix-ring-parel-en-zirkonia,2
https://www.treasurejuwelier.nl/swing-jewels-geboortesteen-ring-november-citrien,2
https://www.treasurejuwelier.nl/tc-882043-14k-gouden-baby-armbandje-met-naam-hartje,2
https://www.treasurejuwelier.nl/tc-882044-14k-gouden-baby-armbandje-met-naam,2
https://www.treasurejuwelier.nl/tc-882097-14-karaat-gouden-koningsketting,2
https://www.treasurejuwelier.nl/thoj3390-18k-gouden-ring-diamant,2
https://www.treasurejuwelier.nl/thoj3613-14k-gouden-slavenarmband-ovaal,2
https://www.treasurejuwelier.nl/thoj3871-14k-gouden-hanger-hartje-diamant,2
https://www.treasurejuwelier.nl/tommy-hilfiger-th1710657-jax,2
https://www.treasurejuwelier.nl/tommy-hilfiger-th1710662-henry-auto,2
https://www.treasurejuwelier.nl/tommy-hilfiger-th1710667-tyson,2
https://www.treasurejuwelier.nl/tommy-hilfiger-th1710672-bruce,2
https://www.treasurejuwelier.nl/tommy-hilfiger-th1782749-gianna,2
https://www.treasurejuwelier.nl/tommy-hilfiger-th1782750-gianna,2
https://www.treasurejuwelier.nl/tommy-hilfiger-th1782758-th85-crystals,2
https://www.treasurejuwelier.nl/treasure-collection-tc-24778-14-karaat-gouden-graveerarmband-kinderen-4-mm,2
https://www.treasurejuwelier.nl/treasure-collection-tc-33619-14-karaat-gouden-graveerarmband-kinderen-met-zirkonia,2
https://www.treasurejuwelier.nl/treasure-collection-tc-50746-14-karaat-gouden-kinder-graveerarmband-13-cm,2
https://www.treasurejuwelier.nl/treasure-collection-tc-881780-14-karaat-gouden-baby-graveerarmbandje-met-hartje-4-mm,2
https://www.treasurejuwelier.nl/022535-ice-smart-2-0-black,1
https://www.treasurejuwelier.nl/022798-ice-smart-junior-2-0,1
https://www.treasurejuwelier.nl/108-s-14k-gouden-ashanger-met-diamant-en-hars,1
https://www.treasurejuwelier.nl/110-s-14k-gouden-ashanger-met-diamant-en-hars,1
https://www.treasurejuwelier.nl/135-s-14k-gouden-ashanger-met-hars,1
https://www.treasurejuwelier.nl/136-s-14k-gouden-ashanger-met-diamant-en-hars,1
https://www.treasurejuwelier.nl/139-s-14k-gouden-ashanger-met-zirkonia-en-hars,1
https://www.treasurejuwelier.nl/140-14k-gouden-ashanger-levensboom-met-zirkonia-en-hars,1
https://www.treasurejuwelier.nl/140-s-zilveren-ashanger-levensboom-met-zirkonia-en-hars,1
https://www.treasurejuwelier.nl/142-14k-gouden-ashanger-met-diamant-en-hars,1
https://www.treasurejuwelier.nl/401-sa-14k-gouden-ashanger-met-vingerafdruk-en-hars,1
https://www.treasurejuwelier.nl/401-sa-zilveren-ashanger-met-vingerafdruk-en-hars,1
https://www.treasurejuwelier.nl/807-y-14k-gouden-asbedel-hart-met-zirkonia-en-hars,1
https://www.treasurejuwelier.nl/882467-14k-gouden-hanger-kruisje,1
https://www.treasurejuwelier.nl/883041-14k-witgouden-tennisarmband-met-lab-grown-diamant,1
https://www.treasurejuwelier.nl/883051-14k-gouden-schakelarmband,1
https://www.treasurejuwelier.nl/883052-14k-gouden-schakelarmband-venetiaans,1
https://www.treasurejuwelier.nl/883054-14k-gouden-schakelarmband,1
https://www.treasurejuwelier.nl/883055-14k-gouden-schakelarmband,1
https://www.treasurejuwelier.nl/883083-14k-gouden-valkenoog-schakelketting,1
https://www.treasurejuwelier.nl/883471-14k-gouden-enkelbandje-singapore-schakels,1
https://www.treasurejuwelier.nl/883795-14k-gouden-armband-venetiaans,1
https://www.treasurejuwelier.nl/883893-14k-gouden-armband-hart,1
https://www.treasurejuwelier.nl/883898-14k-gouden-armband-hartjes,1
https://www.treasurejuwelier.nl/883953-satijnkoord-armband-beige-14k-goud,1
https://www.treasurejuwelier.nl/883954-satijnkoord-armband-roze-14k-goud,1
https://www.treasurejuwelier.nl/883958-satijnkoord-armband-roze-14k-goud,1
https://www.treasurejuwelier.nl/883967-14k-gouden-armbandje-lieveheersbeestje,1
https://www.treasurejuwelier.nl/884034-zilveren-ring-lieveheersbeestje,1
https://www.treasurejuwelier.nl/884225-14k-gouden-aanschuifring-rijzetting-zirkonia,1
https://www.treasurejuwelier.nl/884244-14k-gouden-verlovingsring-diamant,1
https://www.treasurejuwelier.nl/884347-14k-gouden-zegelring-ovaal-zirkonia,1
https://www.treasurejuwelier.nl/884355-zilveren-kinderring-lieveheersbeestje,1
https://www.treasurejuwelier.nl/884385-14k-gouden-ring-peridoot,1
https://www.treasurejuwelier.nl/884398-zilveren-kinderring-hartje,1
https://www.treasurejuwelier.nl/884408-zilveren-kinderring-paard,1
https://www.treasurejuwelier.nl/884425-14k-gouden-ring-bol,1
https://www.treasurejuwelier.nl/884457-14k-gouden-ring-hartjes,1
https://www.treasurejuwelier.nl/884474-14k-gouden-ring-citrien,1
https://www.treasurejuwelier.nl/884484-14k-gouden-ring-trilogie-roze-topaas,1
https://www.treasurejuwelier.nl/884519-14k-gouden-zegelring,1
https://www.treasurejuwelier.nl/884801-zilveren-hanger-hartje,1
https://www.treasurejuwelier.nl/884885-14k-gouden-hanger-hartje,1
https://www.treasurejuwelier.nl/884909-14k-gouden-hanger-lieveheersbeestje,1
https://www.treasurejuwelier.nl/884957-14k-gouden-hanger-hart-diamant,1
https://www.treasurejuwelier.nl/884959-14k-gouden-hanger-hartje,1
https://www.treasurejuwelier.nl/884970-14k-gouden-hanger-hartje,1
https://www.treasurejuwelier.nl/884986-14k-gouden-hanger-hartje,1
https://www.treasurejuwelier.nl/885059-zilveren-ketting-hanger,1
https://www.treasurejuwelier.nl/885094-14k-gouden-gourmet-ketting,1
https://www.treasurejuwelier.nl/885130-14k-gouden-ketting-hartje-en-diamant,1
https://www.treasurejuwelier.nl/885350-zilveren-armband-gekleurde-stenen,1
https://www.treasurejuwelier.nl/885879-14k-gouden-oorringen,1
https://www.treasurejuwelier.nl/885918-14k-gouden-oorringen,1
https://www.treasurejuwelier.nl/885928-14k-gouden-oorringen-rond,1
https://www.treasurejuwelier.nl/885929-14k-gouden-oorringen,1
https://www.treasurejuwelier.nl/885966-14k-tricolor-gouden-oorringen,1
https://www.treasurejuwelier.nl/armbanden/closed-forever-schakel,1
https://www.treasurejuwelier.nl/armbanden/leer_dames,1
https://www.treasurejuwelier.nl/armbanden/naamplaat-armband_baby_goud,1
https://www.treasurejuwelier.nl/armbanden/schakelarmband_jasseron-schakel,1
https://www.treasurejuwelier.nl/armbanden/silk-jewellery_heren,1
https://www.treasurejuwelier.nl/armbanden/slavenarmband_14-karaat-goud-met-zilveren-kern,1
https://www.treasurejuwelier.nl/armbanden/slavenarmband_ja_zilver,1
https://www.treasurejuwelier.nl/armbanden/slavenarmband_rosegoud,1
https://www.treasurejuwelier.nl/armbanden/zilver_gourmet-schakel,1
https://www.treasurejuwelier.nl/armbanden/zilver_koningsschakel,1
https://www.treasurejuwelier.nl/aurore-ca15750050-nora-18k-ketting,1
https://www.treasurejuwelier.nl/aurore-oa15010050-olivia-18-karaat-gouden-oorknopjes-met-0-50-ct-lab-grown-diamant,1
https://www.treasurejuwelier.nl/boccia-0134-05-titanium-bicolor-ring,1
https://www.treasurejuwelier.nl/boccia-0149-03-titanium-bicolor-ring,1
https://www.treasurejuwelier.nl/boccia-0396-04-titanium-goudkleurige-damesarmband,1
https://www.treasurejuwelier.nl/boccia-titanium-05068-01-oorringen-met-parel-hanger,1
https://www.treasurejuwelier.nl/boccia-titanium-05068-02-goudkleurige-oorringen-met-parel-hanger,1
https://www.treasurejuwelier.nl/boss-hb1514192-peak-2,1
https://www.treasurejuwelier.nl/boss-hb1514195-skytraveller,1
https://www.treasurejuwelier.nl/boss-hb1514200-troper-automatic,1
https://www.treasurejuwelier.nl/boss-hbj1580575-devon-stalen-ketting-met-hanger,1
https://www.treasurejuwelier.nl/breuning-51-00963-zilveren-slavenarmband,1
https://www.treasurejuwelier.nl/coeur-de-lion-4524-21-1116-geocube-chunky-chain,1
https://www.treasurejuwelier.nl/coeur-de-lion-4905-10-0711-geocube-iconic-precious,1
https://www.treasurejuwelier.nl/coeur-de-lion-4905-30-0711-geocube-iconic-precious,1
https://www.treasurejuwelier.nl/excellent-jewelry-ac137600-14-karaat-gouden-bangle-armband-met-citrien,1
https://www.treasurejuwelier.nl/excellent-jewelry-ag216208-14-karaat-witgouden-slavenarmband-met-0-96-ct-diamant,1
https://www.treasurejuwelier.nl/excellent-jewelry-ag216220-14-karaat-witgouden-tennisarmband-met-2-ct-diamant,1
https://www.treasurejuwelier.nl/excellent-jewelry-ce137498-14k-gouden-ketting-met-citrien-hanger,1
https://www.treasurejuwelier.nl/excellent-jewelry-hb137519-14k-gouden-hanger-met-parel,1
https://www.treasurejuwelier.nl/excellent-jewelry-hk117691-14k-gouden-hanger,1
"https://www.treasurejuwelier.nl/excellent-jewelry-rg137121-14-karaat-gouden-ring-met-saffier-1,8-mm",1
"https://www.treasurejuwelier.nl/excellent-jewelry-rg216670-14-karaat-witgouden-ring-met-saffier-en-0,24-ct-diamant",1
https://www.treasurejuwelier.nl/excellent-jewelry-rg237211-14k-witgouden-ring,1
"https://www.treasurejuwelier.nl/excellent-jewelry-rg316349-14-karaat-rosegouden-ring-met-morganiet-en-0,27-ct-diamant",1
https://www.treasurejuwelier.nl/excellent-jewelry-rg336780-14-karaat-rosegouden-ring-met-morganiet-en-0-07-ct-diamant,1
https://www.treasurejuwelier.nl/excellent-jewelry-rg414896-14-karaat-gouden-ring-met-saffier-en-0-27-ct,1
https://www.treasurejuwelier.nl/excellent-jewelry-rg415615-14-karaat-gouden-ring-met-saffier-en-0-13-ct-diamant,1
https://www.treasurejuwelier.nl/excellent-jewelry-rp216624-14-karaat-witgouden-ring-met-saffier-en-0-35-ct-diamant,1
"https://www.treasurejuwelier.nl/excellent-jewelry-rp216701-14-karaat-witgouden-ring-met-saffier-en-0,36-ct-diamant",1
https://www.treasurejuwelier.nl/excellent-jewelry-rx437263-14k-bicolor-gouden-diamantring-met-saffier,1
https://www.treasurejuwelier.nl/g-shock-gm-2100-1aer-classic-horloge,1
https://www.treasurejuwelier.nl/g-shock-gm-b2100d-1er-classic-solar-horloge,1
https://www.treasurejuwelier.nl/g-shock-gst-b100-1aer-g-steel-herenchronograaf,1
https://www.treasurejuwelier.nl/g-shock-gst-b400-1aer,1
https://www.treasurejuwelier.nl/g-shock-gst-b400bb-1aer-g-steel-bluetooth-solar-horloge,1
https://www.treasurejuwelier.nl/g-shock-gwg-100-1a3er-mudmaster-solar-radiogestuurd-horloge,1
https://www.treasurejuwelier.nl/g-shock-gwg-b1000-1a4er-mudmaster-solar-kompas-horloge,1
https://www.treasurejuwelier.nl/g-shock-gwg-b1000-3aer-mudmaster-solar-kompas-horloge,1
https://www.treasurejuwelier.nl/g-shock-mtg-b2000b-1a2er-bluetooth-horloge,1
https://www.treasurejuwelier.nl/g-shock-mtg-b3000b-1aer-bluetooth-radiogestuurd-solar-horloge-52-mm,1
https://www.treasurejuwelier.nl/g-shock-mtg-b3000bd-1a2er-bluetooth-radiogestuurd-solar-horloge,1
https://www.treasurejuwelier.nl/g-shock-mtg-b3000d-1aer-metal-twisted-g-herenhorloge,1
https://www.treasurejuwelier.nl/garmin-010-02776-15-fenix-7s-pro-sapphire-solar-edition-smartwatch,1
https://www.treasurejuwelier.nl/hangers/bedel_goud,1
https://www.treasurejuwelier.nl/hangers/bedel_goud?p=2,1
https://www.treasurejuwelier.nl/hangers/bedel_ja,1
https://www.treasurejuwelier.nl/hangers/hanger-met-graveerplaat_zilver,1
https://www.treasurejuwelier.nl/hangers/hanger-met-steentjes_zilver,1
https://www.treasurejuwelier.nl/hangers/medaillon_zilver,1
https://www.treasurejuwelier.nl/hangers/sanjoya,1
https://www.treasurejuwelier.nl/horloges/10-atm-10-bar-100-meter,1
https://www.treasurejuwelier.nl/horloges/20-atm-20-bar-200-meter,1
https://www.treasurejuwelier.nl/horloges/3-atm-3-bar-30-meter,1
https://www.treasurejuwelier.nl/horloges/30-atm-30-bar-300-meter,1
https://www.treasurejuwelier.nl/horloges/5-atm-5-bar-50-meter,1
https://www.treasurejuwelier.nl/jackie-jkb23-049-double-heart-14k-gouden-hartjes-armband,1
https://www.treasurejuwelier.nl/jacques-du-manoir-jwg02701-pro-scuba-horloge,1
https://www.treasurejuwelier.nl/jacques-du-manoir-jwl02003-inspiration-prestige-horloge-34-mm,1
https://www.treasurejuwelier.nl/jacques-du-manoir-jwn01703-inspiration-business-horloge-40-mm,1
https://www.treasurejuwelier.nl/jacques-du-manoir-jwn02301-inspiration-horloge,1
https://www.treasurejuwelier.nl/jkr20.069-14k-aanschuifring-twist,1
https://www.treasurejuwelier.nl/kettingen/basisketting-voor-hanger_omega-schakel,1
https://www.treasurejuwelier.nl/kettingen/basisketting-voor-hanger_venetiaanse-schakel,1
https://www.treasurejuwelier.nl/kettingen/goud_gourmet-schakel,1
https://www.treasurejuwelier.nl/kettingen/ketting-met-hanger?p=3,1
https://www.treasurejuwelier.nl/kettingen/ketting-met-hartje_goud,1
https://www.treasurejuwelier.nl/kettingen/koningsschakel,1
https://www.treasurejuwelier.nl/kettingen/schakelketting_anker-schakel,1
https://www.treasurejuwelier.nl/kettingen/schakelketting_gourmet-schakel,1
https://www.treasurejuwelier.nl/kettingen/schakelketting_zilver,1
https://www.treasurejuwelier.nl/n092-14k-witgouden-armband,1
https://www.treasurejuwelier.nl/oorbellen/brisure-haak,1
https://www.treasurejuwelier.nl/oorbellen/franse-haak,1
https://www.treasurejuwelier.nl/oorbellen/hefboomsluiting,1
https://www.treasurejuwelier.nl/oorbellen/infinity,1
https://www.treasurejuwelier.nl/oorbellen/oorringen_14-karaat-goud,1
https://www.treasurejuwelier.nl/oorbellen/poussette-sluiting,1
https://www.treasurejuwelier.nl/pandora,1
https://www.treasurejuwelier.nl/q204-14k-rosegouden-ring,1
https://www.treasurejuwelier.nl/q214-14k-gouden-armband,1
https://www.treasurejuwelier.nl/q455-14k-hanger-met-parel,1
https://www.treasurejuwelier.nl/rauschmayer-rm-09-14k-gouden-trouwringen-met-0-03-ct-diamant,1
https://www.treasurejuwelier.nl/rauschmayer-rm-14-14k-gouden-trouwringen-met-0-36-ct-diamant,1
https://www.treasurejuwelier.nl/re131032-14k-gouden-zegelring,1
https://www.treasurejuwelier.nl/rebel-rose-rr-br032-s-demeter-small-zilveren-armband,1
https://www.treasurejuwelier.nl/rebel-rose-rr-br036-s-ceres-zilveren-armband,1
https://www.treasurejuwelier.nl/rebel-rose-rr-rg045-s-square-vintage-green-jade-ring,1
https://www.treasurejuwelier.nl/rf401114-14k-bicolor-gouden-herenring,1
https://www.treasurejuwelier.nl/rg-012-14k-gouden-ring-met-moedermelk,1
https://www.treasurejuwelier.nl/rg-012-14k-witgouden-asring-met-hars,1
https://www.treasurejuwelier.nl/rg-041-14k-gouden-asring-met-zirkonia-en-hars,1
https://www.treasurejuwelier.nl/ringen/dames_bicolor-goud?on_sale=1,1
https://www.treasurejuwelier.nl/ringen/dames_goud?am_on_sale=1,1
https://www.treasurejuwelier.nl/ringen/goud_blauwe-steen,1
https://www.treasurejuwelier.nl/ringen/goud_rode-steen,1
https://www.treasurejuwelier.nl/ringen/pesavento,1
https://www.treasurejuwelier.nl/ringen/zwarte-steen,1
https://www.treasurejuwelier.nl/rl-003-14k-gouden-ashanger-met-zirkonia,1
https://www.treasurejuwelier.nl/rl-007-t-zilveren-ashanger-met-zirkonia-en-hars,1
https://www.treasurejuwelier.nl/rr-br037-s-small-link-zilveren-armband,1
https://www.treasurejuwelier.nl/rs-007-14k-gouden-asring-met-diamant-en-hars,1
https://www.treasurejuwelier.nl/rs-008-14k-gouden-ring-met-as-en-hars,1
https://www.treasurejuwelier.nl/rws-013-14k-gouden-asring-met-diamant,1
https://www.treasurejuwelier.nl/rws-013-14k-gouden-asring-met-zirkonia-en-hars,1
https://www.treasurejuwelier.nl/see-you-807-s-zilveren-asbedel-hart-zirkonia-met-hars,1
https://www.treasurejuwelier.nl/see-you-810-s-zilveren-asbedel-zirkonia-met-hars,1
https://www.treasurejuwelier.nl/seiko-5-sports-limited-srpl03k1-automaat,1
https://www.treasurejuwelier.nl/seiko-5-sports-srph33k1-automaat-horloge,1
https://www.treasurejuwelier.nl/seiko-5-sports-srpk87k1-automaat-horloge,1
https://www.treasurejuwelier.nl/seiko-5-sports-srpk89k1-automaat-horloge,1
https://www.treasurejuwelier.nl/seiko-5-sports-srpk91k1-automaat-horloge,1
https://www.treasurejuwelier.nl/seiko-5-sports-srpk97k1-automaat-horloge,1
https://www.treasurejuwelier.nl/seiko-astron-ssh155j1-gps-solar-chronograaf-titanium,1
https://www.treasurejuwelier.nl/seiko-presage-ssa453j1-automaat-horloge,1
https://www.treasurejuwelier.nl/seiko-prospex-limited-spb409j1-alpinist-automaat,1
https://www.treasurejuwelier.nl/seiko-prospex-limited-spb431j1-automaat,1
https://www.treasurejuwelier.nl/seiko-prospex-sne589p1-solar-horloge,1
https://www.treasurejuwelier.nl/seiko-prospex-sne591p1-solar-horloge,1
https://www.treasurejuwelier.nl/seiko-prospex-spb317j1-automaat-horloge,1
https://www.treasurejuwelier.nl/seiko-prospex-spb375j1-padi-automaat-duikhorloge-45-mm,1
https://www.treasurejuwelier.nl/seiko-prospex-spb379j1-alpinist-automaat,1
https://www.treasurejuwelier.nl/seiko-prospex-spb381j1-1968-divers-modern-re-interpretation,1
https://www.treasurejuwelier.nl/seiko-prospex-spb385j1-automaat-herenhorloge-42-mm,1
https://www.treasurejuwelier.nl/seiko-prospex-spb451j1-automaat-horloge,1
https://www.treasurejuwelier.nl/seiko-prospex-spb453j1-automaat-horloge,1
https://www.treasurejuwelier.nl/seiko-prospex-spb455j1-automaat-horloge,1
https://www.treasurejuwelier.nl/seiko-prospex-srpl11k1,1
https://www.treasurejuwelier.nl/seiko-prospex-ssc915p1-solar-speedtimer-chronograaf,1
https://www.treasurejuwelier.nl/seiko-prospex-ssc933p1-solar-chronograaf,1
https://www.treasurejuwelier.nl/seiko-prospex-ssc935p1-solar-chronograaf,1
https://www.treasurejuwelier.nl/seiko-prospex-ssc941p1-solar-chronograaf,1
https://www.treasurejuwelier.nl/silk-jewellery-155-alpha-zilveren-herenarmband-met-leer,1
https://www.treasurejuwelier.nl/swarovski-5684385-hyperbola-armband-hartje,1
https://www.treasurejuwelier.nl/swarovski-dextera-ring-kristal,1
https://www.treasurejuwelier.nl/swarovski-meteora-slavenarmband,1
https://www.treasurejuwelier.nl/swarovski-stilla-ring-octagon-zirkonia,1
https://www.treasurejuwelier.nl/swarovski-stilla-ring-square-zirkonia,1
https://www.treasurejuwelier.nl/swarovski-stilla-ring-zirkonia,1
https://www.treasurejuwelier.nl/swbr10185-y51-happiness-14k-ring,1
https://www.treasurejuwelier.nl/swer10006-y-classic-14k-ring,1
https://www.treasurejuwelier.nl/swing-jewels-an-geboortesteen-ring-september-saffier,1
https://www.treasurejuwelier.nl/swing-jewels-geboortesteen-ring-mei-smaragd,1
https://www.treasurejuwelier.nl/swing-jewels-swcb10206-y12-armband,1
https://www.treasurejuwelier.nl/swing-jewels-swce10206-y12-oorknopjes,1
https://www.treasurejuwelier.nl/swing-jewels-swcn10206-y12-ketting,1
https://www.treasurejuwelier.nl/tc-49098-zilveren-enkelbandje-anker-schakel,1
https://www.treasurejuwelier.nl/tc-881914-14-karaat-gouden-kinder-bedelarmband,1
https://www.treasurejuwelier.nl/tc-882061-zilveren-baby-armbandje-met-hartjes,1
https://www.treasurejuwelier.nl/tc-882065-zilveren-kinder-armbandje-met-hartjes,1
https://www.treasurejuwelier.nl/tc-882069-14k-witgouden-paperclip-schakelarmband,1
https://www.treasurejuwelier.nl/tc-882076-14k-bicolor-gouden-valkenoog-heren-schakelarmband,1
https://www.treasurejuwelier.nl/tc-882096-14-karaat-gouden-koningsarmband,1
https://www.treasurejuwelier.nl/tc-882114-14-karaat-gouden-gourmet-armband,1
https://www.treasurejuwelier.nl/tc-882121-14k-gouden-figaro-schakelarmband,1
https://www.treasurejuwelier.nl/tc-882132-14-karaat-gouden-vossenstaart-ketting,1
https://www.treasurejuwelier.nl/tc-882173-14k-bicolor-gouden-slavenarmband-vlak,1
https://www.treasurejuwelier.nl/tc-882174-14k-gouden-met-zilveren-kern-slavenarmband-recht,1
https://www.treasurejuwelier.nl/tc-882175-14k-gouden-met-zilveren-kern-slavenarmband-recht,1
https://www.treasurejuwelier.nl/tc-882176-14k-gouden-met-zilveren-kern-slavenarmband-recht,1
https://www.treasurejuwelier.nl/tc-882177-14k-gouden-met-zilveren-kern-slavenarmband-recht,1
https://www.treasurejuwelier.nl/tc-882178-14k-gouden-met-zilveren-kern-slavenarmband-recht,1
https://www.treasurejuwelier.nl/tc-882179-14k-gouden-met-zilveren-kern-slavenarmband-recht,1
https://www.treasurejuwelier.nl/tc-882181-14k-gouden-met-zilveren-kern-slavenarmband-ovaal,1
https://www.treasurejuwelier.nl/tc-882182-14k-gouden-met-zilveren-kern-slavenarmband-ovaal,1
https://www.treasurejuwelier.nl/thoj0445-14-karaat-gouden-citrien-ring-met-0-10-ct-diamant,1
https://www.treasurejuwelier.nl/thoj0596-14k-gouden-gourmet-ketting,1
https://www.treasurejuwelier.nl/thoj0921-14k-gouden-slavenarmband-vlak,1
https://www.treasurejuwelier.nl/thoj1496-14k-bicolor-gouden-hanger-diamant,1
https://www.treasurejuwelier.nl/thoj1715-14k-bicolor-gouden-verlovingsring-diamant,1
https://www.treasurejuwelier.nl/thoj2125-14k-rosegouden-halo-ring,1
https://www.treasurejuwelier.nl/thoj2350-14k-gouden-hanger-met-diamant,1
https://www.treasurejuwelier.nl/thoj3005-14k-gouden-schakelketting,1
https://www.treasurejuwelier.nl/thoj3352-14k-gouden-hanger-bloem-diamant,1
https://www.treasurejuwelier.nl/thoj3402-18k-gouden-paperclip-schakelarmband,1
https://www.treasurejuwelier.nl/thoj3538-14k-gouden-gourmet-ketting,1
https://www.treasurejuwelier.nl/thoj3738-14k-gouden-oorknopjes-london-blue-topaas,1
https://www.treasurejuwelier.nl/thoj3851-14k-gouden-san-marco-schakelketting,1
https://www.treasurejuwelier.nl/tommy-hilfiger-th1710651-lars,1
https://www.treasurejuwelier.nl/tommy-hilfiger-th1792138-windsurf-horloge,1
https://www.treasurejuwelier.nl/tommy-hilfiger-tj2790541-goudkleurige-ketting-onyx,1
https://www.treasurejuwelier.nl/treasure-collection-l382-14-karaat-witgouden-armband-met-hartje-16-18-cm,1
"https://www.treasurejuwelier.nl/treasure-collection-l578-14-karaat-goud-met-zilveren-kern-anker-schakelarmband-4,4-mm",1
https://www.treasurejuwelier.nl/treasure-collection-l626-14-karaat-gouden-zegelring-heren-12-mm,1
"https://www.treasurejuwelier.nl/treasure-collection-l635-zilveren-gourmet-ketting-heren-5,4-mm",1
https://www.treasurejuwelier.nl/treasure-collection-m087-14-karaat-witgouden-armband-met-diamanrt,1
https://www.treasurejuwelier.nl/treasure-collection-r159-14k-gouden-ketting-met-geboortesteen-november,1
https://www.treasurejuwelier.nl/treasure-collection-r402-zilveren-zegelring-met-lapis,1
https://www.treasurejuwelier.nl/treasure-collection-tc-11852-gouden-paard,1
https://www.treasurejuwelier.nl/treasure-collection-tc-11862-gouden-zeepaardje,1
https://www.treasurejuwelier.nl/treasure-collection-tc-13617-zilveren-koningsketting,1
https://www.treasurejuwelier.nl/treasure-collection-tc-13672-gouden-ichtus-hanger,1
https://www.treasurejuwelier.nl/treasure-collection-tc-18170-gouden-bedel-voetbal,1
https://www.treasurejuwelier.nl/treasure-collection-tc-20083-zilveren-kinder-zegelring,1
https://www.treasurejuwelier.nl/treasure-collection-tc-20398-gouden-schoen-bedel,1
https://www.treasurejuwelier.nl/treasure-collection-tc-2099-14-karaat-gouden-ketting-gourmet-1-mm-1,1
https://www.treasurejuwelier.nl/treasure-collection-tc-21143-gouden-dolfijn,1
https://www.treasurejuwelier.nl/treasure-collection-tc-23009-zilveren-slavenarmband-8-mm,1
https://www.treasurejuwelier.nl/treasure-collection-tc-23010-zilveren-slavenarmband-10-mm,1
https://www.treasurejuwelier.nl/treasure-collection-tc-23016-massieve-zilveren-slavenarmband-8-mm,1
https://www.treasurejuwelier.nl/treasure-collection-tc-23017-massieve-zilveren-slavenarmband-10-mm,1
https://www.treasurejuwelier.nl/treasure-collection-tc-23020-massieve-slavenarmband-recht-8-mm,1
https://www.treasurejuwelier.nl/treasure-collection-tc-23336-14-karaat-gouden-hanger-beer,1
https://www.treasurejuwelier.nl/treasure-collection-tc-24629-zilveren-herencollier-met-platte-koningsschakel-5-5-mm,1
https://www.treasurejuwelier.nl/treasure-collection-tc-24631-ziveren-herencollier-met-platte-koningsschakel-8-5-mm,1
https://www.treasurejuwelier.nl/treasure-collection-tc-24763-14-karaat-gouden-koningsarmband-3-2-mm,1
https://www.treasurejuwelier.nl/treasure-collection-tc-24768-14-karaat-gouden-gourmet-armband-3-3-mm,1
https://www.treasurejuwelier.nl/treasure-collection-tc-24832-14-karaat-gouden-koningsketting-3-2-mm,1
https://www.treasurejuwelier.nl/treasure-collection-tc-24834-14-karaat-gouden-koningsketting-4-2-mm,1
"https://www.treasurejuwelier.nl/treasure-collection-tc-2526-14-karaat-gouden-hanger-kruisje-22,5-mm",1
https://www.treasurejuwelier.nl/treasure-collection-tc-30900-gouden-roos-hanger,1
https://www.treasurejuwelier.nl/treasure-collection-tc-31394-gouden-muzieknoot,1
https://www.treasurejuwelier.nl/treasure-collection-tc-33601-9-karaat-gouden-naamplaat-armbandje-baby-11-cm,1
https://www.treasurejuwelier.nl/treasure-collection-tc-33607-9-karaat-gouden-graveerarmband-kinderen-figaro,1
https://www.treasurejuwelier.nl/treasure-collection-tc-36334-1-gouden-klaver-vier,1
https://www.treasurejuwelier.nl/treasure-collection-tc-39433-zilveren-babyarmband,1
https://www.treasurejuwelier.nl/treasure-collection-tc-42900-gouden-bedel-muzieksleutel,1
https://www.treasurejuwelier.nl/treasure-collection-tc-42902-gouden-bedel-anker,1
https://www.treasurejuwelier.nl/treasure-collection-tc-42907-gouden-bedel-ster,1
https://www.treasurejuwelier.nl/treasure-collection-tc-42914-gouden-bedel-geloof-hopp-en-liefde,1
https://www.treasurejuwelier.nl/treasure-collection-tc-43124-kinderarmband-hart-roze,1
https://www.treasurejuwelier.nl/treasure-collection-tc-43132-zilveren-ketting-lieveheersbeestje,1
https://www.treasurejuwelier.nl/treasure-collection-tc-43151-zilveren-ketting-paard,1
https://www.treasurejuwelier.nl/treasure-collection-tc-46344-14-karaat-gouden-geloof-hoop-en-liefde-hanger-17-mm,1
https://www.treasurejuwelier.nl/treasure-collection-tc-46441-14-karaat-gouden-armband-5-mm-met-gourmet-schakel-en-zilveren-kern,1
https://www.treasurejuwelier.nl/treasure-collection-tc-47321-zilveren-herencollier-met-koningsschakel-5-mm,1
https://www.treasurejuwelier.nl/treasure-collection-tc-47852-14-karaat-gouden-zegelring-met-onyx-e055,1
https://www.treasurejuwelier.nl/treasure-collection-tc-48846-zilveren-enkelbandje-met-rondjes-24-26-cm,1
https://www.treasurejuwelier.nl/treasure-collection-tc-49048-zilveren-meisjes-ring-met-hart-en-zirkonia-4-mm,1
https://www.treasurejuwelier.nl/treasure-collection-tc-49552-14-karaat-rosegouden-ring-met-zirkonia-4-5-mm,1
https://www.treasurejuwelier.nl/treasure-collection-tc-49607-14-karaat-rosegouden-ring-met-zirkonia-4-mm,1
https://www.treasurejuwelier.nl/treasure-collection-tc-50621-14-karaat-bicolor-gouden-valkenoog-ketting-50-cm,1
https://www.treasurejuwelier.nl/treasure-collection-tc-50719-14-karaat-witgouden-armband-met-anker-schakel-18-5-cm,1
https://www.treasurejuwelier.nl/treasure-collection-tc-52838-14-karaat-gouden-zilgold-gourmet-ketting-45-cm,1
https://www.treasurejuwelier.nl/treasure-collection-tc-53109-14-karaat-gouden-zegelring-met-onyx,1
https://www.treasurejuwelier.nl/treasure-collection-tc-53224-14-karaat-gouden-citrien-hanger,1
https://www.treasurejuwelier.nl/treasure-collection-tc-53889-satijn-koord-armband-met-tricolor-goud,1
https://www.treasurejuwelier.nl/treasure-collection-tc-58763-9-karaat-gouden-baby-naamplaat-armband-figaro,1
https://www.treasurejuwelier.nl/treasure-collection-tc-6713-gouden-klaver-vier,1
https://www.treasurejuwelier.nl/treasure-collection-tc-881296-14-karaat-gouden-hanger-geloof-hoop-en-liefde,1
https://www.treasurejuwelier.nl/treasure-collection-tc-881301-14-karaat-gouden-hanger-geloof-hoop-en-liefde,1
https://www.treasurejuwelier.nl/treasure-collection-tc-881371-14-karaat-gouden-bedel-schaar-16-5-mm,1
https://www.treasurejuwelier.nl/treasure-collection-tc-881374-14-karaat-gouden-bedel-lieveheersbeestje-9-5-mm,1
https://www.treasurejuwelier.nl/treasure-collection-tc-881375-14-karaat-bicolor-gouden-bedel-bokshandschoen-16-mm,1
https://www.treasurejuwelier.nl/treasure-collection-tc-881442-zilveren-gourmet-heren-ketting-5-mm,1
https://www.treasurejuwelier.nl/treasure-collection-tc-881448-zilveren-gourmet-heren-ketting-8-mm,1
https://www.treasurejuwelier.nl/treasure-collection-tc-881488-zilveren-gourmet-heren-ketting-7-5-mm,1
https://www.treasurejuwelier.nl/treasure-collection-tc-881500-14-karaat-gouden-gourmet-ketting-2-1-mm,1
https://www.treasurejuwelier.nl/treasure-collection-tc-881501-14-karaat-witgouden-gourmet-ketting-1-4-mm,1
https://www.treasurejuwelier.nl/treasure-collection-tc-881502-14-karaat-witgouden-gourmet-ketting-1-2-mm,1
https://www.treasurejuwelier.nl/treasure-collection-tc-881572-14-karaat-gouden-zegelring,1
https://www.treasurejuwelier.nl/treasure-collection-tc-881573-14-karaat-gouden-zegelring-massief,1
https://www.treasurejuwelier.nl/treasure-collection-tc-881574-14-karaat-gouden-zegelring-massief,1
https://www.treasurejuwelier.nl/treasure-collection-tc-881576-14-karaat-gouden-zegelring-massief,1
https://www.treasurejuwelier.nl/treasure-collection-tc-881586-14-karaat-gouden-zegelring-15-5-mm,1
https://www.treasurejuwelier.nl/treasure-collection-tc-881587-14-karaat-gouden-zegelring-met-onyx-17-mm,1
https://www.treasurejuwelier.nl/treasure-collection-tc-881598-14-karaat-gouden-zegelring-met-onyx-15-mm,1
https://www.treasurejuwelier.nl/treasure-collection-tc-881600-14-karaat-gouden-zegelring-met-lagensteen-12-5-mm,1
https://www.treasurejuwelier.nl/treasure-collection-tc-881665-14-karaat-gouden-hanger-met-kruis-24-mm,1
https://www.treasurejuwelier.nl/treasure-collection-tc-881720-14-karaat-witgouden-gourmet-ketting-1-8-mm,1
https://www.treasurejuwelier.nl/treasure-collection-tc-881777-9-karaat-baby-graveerarmbandje-4-mm,1
https://www.treasurejuwelier.nl/treasure-collection-tc-881795-14-karaat-gouden-enkelbandje-met-plaatjes-24-26-cm,1
https://www.treasurejuwelier.nl/treasure-collection-tc-881815-14-karaat-witgouden-schakelarmband-venetiaans-18-cm,1
https://www.treasurejuwelier.nl/treasure-collection-tc-882367-14k-gouden-gourmet-ketting,1
https://www.treasurejuwelier.nl/treasure-collection-tc-8827-gouden-davidster,1
https://www.treasurejuwelier.nl/treasure-collection-tc-9803-gouden-boeddha,1
https://www.treasurejuwelier.nl/trouwringen?p=2,1
https://www.treasurejuwelier.nl/unisex,1
https://www.treasurejuwelier.nl/zga167-14k-armband-met-ronde-plaatjes,1
https://www.treasurejuwelier.nl/zgr373-14k-ring-zirkonia,1
https://www.treasurejuwelier.nl/zinzi-mva16-mart-visser-zilveren-slavenarmband,1
https://www.treasurejuwelier.nl/zinzi-mva18-mart-visser-zilveren-slavenarmband,1
https://www.treasurejuwelier.nl/zinzi-mva19-zilveren-slavenarmband-met-zirkonia,1
https://www.treasurejuwelier.nl/zinzi-mva20-mart-visser-zilveren-slavenarmband,1
